DE;PARA
S001;MSG401
S002;MSG402
S003;MSG403
S004;MSG404
S005;MSG405
S006;MSG406
S007;MSG407
S008;MSG408
S009;MSG409
S010;MSG410
S011;MSG411
S012;MSG412
S013;MSG413
S014;MSG414
A001;MSG501
A002;MSG502
A003;MSG503
A004;MSG504
A005;MSG505
A006;MSG506
A007;MSG507
A008;MSG508
A009;MSG509
A010;MSG510
A011;MSG511
A012;MSG512
A013;MSG513
A014;MSG514
A015;MSG515
A016;MSG516
A017;MSG517
A018;MSG518
A019;MSG519
A020;MSG520
A021;MSG521
A022;MSG522
A023;MSG523
A024;MSG524
A025;MSG525
A026;MSG526
A027;MSG527
A028;MSG528
A029;MSG529
A030;MSG530
I001;MSG601
I002;MSG602
I003;MSG603
I004;MSG604
I005;MSG605
I006;MSG606
I007;MSG607
I008;MSG608
I009;MSG609
I010;MSG610
I011;MSG611
E001;MSG701
E002;MSG702
E003;MSG703
E004;MSG704
E005;MSG705
E006;MSG706
E007;MSG707
E008;MSG708
E009;MSG709
E010;MSG710
E011;MSG711
E012;MSG712
E013;MSG713
E014;MSG714
E015;MSG715
E016;MSG716
E017;MSG717
E018;MSG718
E019;MSG719
E020;MSG720
E021;MSG721
E022;MSG722
E023;MSG723
E024;MSG724
E025;MSG725
E026;MSG726
E027;MSG727
E028;MSG728
E029;MSG729
E030;MSG730
E031;MSG731
E032;MSG732
E033;MSG733
E034;MSG734
E035;MSG735
E036;MSG736
E037;MSG737
E038;MSG738
E039;MSG739
E040;MSG740
E041;MSG741
E042;MSG742
E043;MSG743
E044;MSG744
E045;MSG745
E046;MSG746
E047;MSG747
E048;MSG748
E049;MSG749
E050;MSG750
E051;MSG751
E052;MSG752
E053;MSG753
E054;MSG754
E055;MSG755
E056;MSG756
E057;MSG757
E058;MSG758
E059;MSG759
E060;MSG760
E061;MSG761
E062;MSG762
E063;MSG763
E064;MSG764
E065;MSG765
E066;MSG766
E067;MSG767
E068;MSG768
E069;MSG769
E070;MSG770
E071;MSG771
E072;MSG772
E073;MSG773
E074;MSG774
E075;MSG775
E076;MSG776
E077;MSG777
E078;MSG778
E079;MSG779
E080;MSG780
E081;MSG781
E082;MSG782
E083;MSG783
E084;MSG784
E085;MSG785
E086;MSG786
E087;MSG787
E088;MSG788
E089;MSG789
E090;MSG790
E091;MSG791
E092;MSG792
E093;MSG793
E094;MSG794
E095;MSG795
E096;MSG796
E097;MSG797
E098;MSG798
E099;MSG799
E100;MSG800
E101;MSG801
E102;MSG802
E103;MSG803
E104;MSG804
E105;MSG805
E106;MSG806
E107;MSG807
E108;MSG808
E109;MSG809
E110;MSG810
E111;MSG811
E112;MSG812
E113;MSG813
E114;MSG814
E115;MSG815
E116;MSG816
E117;MSG817
E118;MSG818
E119;MSG819
E120;MSG820
E121;MSG821
E122;MSG822
E123;MSG823
E124;MSG824
E125;MSG825
E126;MSG826
E127;MSG827
E128;MSG828
E129;MSG829
E130;MSG830
E131;MSG831
E132;MSG832
E133;MSG833
E134;MSG834
E135;MSG835
E136;MSG836
E137;MSG837
E138;MSG838
E139;MSG839
E140;MSG840
E141;MSG841
E142;MSG842
E143;MSG843
E144;MSG844
E145;MSG845
E146;MSG846
E147;MSG847
E148;MSG848
E149;MSG849
E150;MSG850
E151;MSG851
E152;MSG852
E153;MSG853
